month	day	value
0.0	0.0	0.0
0.0	1.0	95.47826086956522
0.0	2.0	219.66666666666666
0.0	3.0	383.8333333333333
0.0	4.0	163.13636363636363
0.0	5.0	53.72727272727273
0.0	6.0	110.08333333333333
0.0	7.0	159.0
0.0	8.0	181.7391304347826
0.0	9.0	231.58333333333334
0.0	10.0	88.3913043478261
0.0	11.0	60.55
0.0	12.0	153.5
0.0	13.0	256.0869565217391
0.0	14.0	261.95652173913044
0.0	15.0	138.04545454545453
0.0	16.0	55.333333333333336
0.0	17.0	137.9
0.0	18.0	70.21739130434783
0.0	19.0	124.08333333333333
0.0	20.0	101.47826086956522
0.0	21.0	117.5
0.0	22.0	194.25
0.0	23.0	148.04347826086956
0.0	24.0	105.75
0.0	25.0	191.4090909090909
0.0	26.0	35.041666666666664
0.0	27.0	86.8695652173913
0.0	28.0	84.77272727272727
0.0	29.0	41.391304347826086
0.0	30.0	61.375
1.0	0.0	176.04166666666666
1.0	1.0	166.75
1.0	2.0	196.43478260869566
1.0	3.0	47.17391304347826
1.0	4.0	46.08695652173913
1.0	5.0	138.8695652173913
1.0	6.0	104.08695652173913
1.0	7.0	40.583333333333336
1.0	8.0	115.29166666666667
1.0	9.0	166.79166666666666
1.0	10.0	126.8695652173913
1.0	11.0	64.875
1.0	12.0	116.6086956521739
1.0	13.0	234.17391304347825
1.0	14.0	162.20833333333334
1.0	15.0	163.91666666666666
1.0	16.0	68.29166666666667
1.0	17.0	89.375
1.0	18.0	117.33333333333333
1.0	19.0	84.83333333333333
1.0	20.0	183.17391304347825
1.0	21.0	245.56521739130434
1.0	22.0	98.27272727272727
1.0	23.0	140.45454545454547
1.0	24.0	123.73913043478261
1.0	25.0	63.625
1.0	26.0	47.0
1.0	27.0	77.70833333333333
0.0	0.0	0.0
0.0	0.0	0.0
0.0	0.0	0.0
2.0	0.0	114.20833333333333
2.0	1.0	109.1304347826087
2.0	2.0	68.33333333333333
2.0	3.0	53.95652173913044
2.0	4.0	76.625
2.0	5.0	134.125
2.0	6.0	151.08695652173913
2.0	7.0	159.65217391304347
2.0	8.0	54.583333333333336
2.0	9.0	72.08695652173913
2.0	10.0	87.77272727272727
2.0	11.0	113.5
2.0	12.0	88.95833333333333
2.0	13.0	91.66666666666667
2.0	14.0	144.91304347826087
2.0	15.0	208.36363636363637
2.0	16.0	143.95833333333334
2.0	17.0	86.6086956521739
2.0	18.0	180.56521739130434
2.0	19.0	181.70833333333334
2.0	20.0	115.25
2.0	21.0	117.125
2.0	22.0	77.45833333333333
2.0	23.0	101.43478260869566
2.0	24.0	107.125
2.0	25.0	96.08333333333333
2.0	26.0	86.6086956521739
2.0	27.0	281.95238095238096
2.0	28.0	228.9090909090909
2.0	29.0	153.41666666666666
2.0	30.0	91.83333333333333
3.0	0.0	69.30434782608695
3.0	1.0	69.16666666666667
3.0	2.0	61.75
3.0	3.0	93.91666666666667
3.0	4.0	89.83333333333333
3.0	5.0	42.833333333333336
3.0	6.0	65.125
3.0	7.0	92.0
3.0	8.0	103.34782608695652
3.0	9.0	139.76190476190476
3.0	10.0	144.72727272727272
3.0	11.0	45.36363636363637
3.0	12.0	61.04761904761905
3.0	13.0	140.47368421052633
3.0	14.0	151.70833333333334
3.0	15.0	104.0
3.0	16.0	104.91304347826087
3.0	17.0	122.75
3.0	18.0	80.0
3.0	19.0	98.72727272727273
3.0	20.0	97.63636363636364
3.0	21.0	80.85714285714286
3.0	22.0	104.5
3.0	23.0	99.47619047619048
3.0	24.0	115.95454545454545
3.0	25.0	86.18181818181819
3.0	26.0	106.0
3.0	27.0	77.04761904761905
3.0	28.0	103.19047619047619
3.0	29.0	147.3181818181818
0.0	0.0	0.0
4.0	0.0	100.95652173913044
4.0	1.0	67.47826086956522
4.0	2.0	88.27272727272727
4.0	3.0	53.625
4.0	4.0	93.8695652173913
4.0	5.0	102.1304347826087
4.0	6.0	76.66666666666667
4.0	7.0	111.92307692307692
4.0	8.0	32.86363636363637
4.0	9.0	45.391304347826086
4.0	10.0	60.69565217391305
4.0	11.0	50.65217391304348
4.0	12.0	81.31818181818181
4.0	13.0	72.23809523809524
4.0	14.0	69.81818181818181
4.0	15.0	83.54545454545455
4.0	16.0	102.66666666666667
4.0	17.0	65.54545454545455
4.0	18.0	62.391304347826086
4.0	19.0	48.5
4.0	20.0	68.70833333333333
4.0	21.0	86.22727272727273
4.0	22.0	122.21739130434783
4.0	23.0	119.73913043478261
4.0	24.0	121.21739130434783
4.0	25.0	115.3
4.0	26.0	127.5
4.0	27.0	109.42857142857143
4.0	28.0	83.52173913043478
4.0	29.0	84.22727272727273
4.0	30.0	92.95238095238095
5.0	0.0	108.23809523809524
5.0	1.0	75.95833333333333
5.0	2.0	64.82608695652173
5.0	3.0	73.33333333333333
5.0	4.0	76.45454545454545
5.0	5.0	82.55
5.0	6.0	68.34782608695652
5.0	7.0	60.76190476190476
5.0	8.0	98.05
5.0	9.0	98.76190476190476
5.0	10.0	59.69565217391305
5.0	11.0	50.21739130434783
5.0	12.0	62.333333333333336
5.0	13.0	72.43478260869566
5.0	14.0	95.0
5.0	15.0	113.0
5.0	16.0	145.04545454545453
5.0	17.0	89.47368421052632
5.0	18.0	67.78571428571429
5.0	19.0	72.0
5.0	20.0	98.375
5.0	21.0	126.1304347826087
5.0	22.0	175.16666666666666
5.0	23.0	121.70833333333333
5.0	24.0	128.8695652173913
5.0	25.0	104.78260869565217
5.0	26.0	71.17391304347827
5.0	27.0	113.5
5.0	28.0	88.625
5.0	29.0	35.42857142857143
0.0	0.0	0.0
6.0	0.0	61.76190476190476
6.0	1.0	34.473684210526315
6.0	2.0	45.857142857142854
6.0	3.0	45.958333333333336
6.0	4.0	61.43478260869565
6.0	5.0	65.20833333333333
6.0	6.0	68.33333333333333
6.0	7.0	73.73913043478261
6.0	8.0	62.125
6.0	9.0	59.125
6.0	10.0	113.29166666666667
6.0	11.0	124.16666666666667
6.0	12.0	94.95833333333333
6.0	13.0	87.5
6.0	14.0	98.0909090909091
6.0	15.0	67.76470588235294
6.0	16.0	49.791666666666664
6.0	17.0	51.0
6.0	18.0	83.3913043478261
6.0	19.0	62.65217391304348
6.0	20.0	91.46666666666667
6.0	21.0	63.208333333333336
6.0	22.0	78.83333333333333
6.0	23.0	95.54166666666667
6.0	24.0	83.66666666666667
6.0	25.0	112.91666666666667
6.0	26.0	128.79166666666666
6.0	27.0	89.95652173913044
6.0	28.0	106.08333333333333
6.0	29.0	55.708333333333336
6.0	30.0	56.75
7.0	0.0	63.958333333333336
7.0	1.0	77.625
7.0	2.0	64.54166666666667
7.0	3.0	57.333333333333336
7.0	4.0	83.0909090909091
7.0	5.0	80.91666666666667
7.0	6.0	69.0
7.0	7.0	71.875
7.0	8.0	120.66666666666667
7.0	9.0	156.79166666666666
7.0	10.0	141.30434782608697
7.0	11.0	108.95652173913044
7.0	12.0	94.95833333333333
7.0	13.0	85.65217391304348
7.0	14.0	104.04347826086956
7.0	15.0	102.91666666666667
7.0	16.0	101.08333333333333
7.0	17.0	98.41666666666667
7.0	18.0	76.41666666666667
7.0	19.0	107.52173913043478
7.0	20.0	66.0
7.0	21.0	79.0
7.0	22.0	61.375
7.0	23.0	53.583333333333336
7.0	24.0	46.095238095238095
7.0	25.0	53.45
7.0	26.0	54.10526315789474
7.0	27.0	53.285714285714285
7.0	28.0	45.17391304347826
7.0	29.0	45.47826086956522
7.0	30.0	45.04347826086956
8.0	0.0	30.52173913043478
8.0	1.0	31.869565217391305
8.0	2.0	49.13636363636363
8.0	3.0	64.33333333333333
8.0	4.0	31.541666666666668
8.0	5.0	41.0
8.0	6.0	59.08695652173913
8.0	7.0	68.26086956521739
8.0	8.0	69.79166666666667
8.0	9.0	40.476190476190474
8.0	10.0	25.954545454545453
8.0	11.0	25.833333333333332
8.0	12.0	59.130434782608695
8.0	13.0	72.1304347826087
8.0	14.0	105.0
8.0	15.0	109.9047619047619
8.0	16.0	95.0
8.0	17.0	121.70833333333333
8.0	18.0	102.25
8.0	19.0	56.857142857142854
8.0	20.0	68.29166666666667
8.0	21.0	121.6086956521739
8.0	22.0	119.0
8.0	23.0	153.76190476190476
8.0	24.0	49.35
8.0	25.0	68.83333333333333
8.0	26.0	86.83333333333333
8.0	27.0	56.68181818181818
8.0	28.0	44.95652173913044
8.0	29.0	61.416666666666664
0.0	0.0	0.0
9.0	0.0	42.666666666666664
9.0	1.0	71.69565217391305
9.0	2.0	62.78260869565217
9.0	3.0	103.0
9.0	4.0	222.875
9.0	5.0	137.0
9.0	6.0	126.91304347826087
9.0	7.0	51.904761904761905
9.0	8.0	62.095238095238095
9.0	9.0	35.26086956521739
9.0	10.0	46.25
9.0	11.0	55.59090909090909
9.0	12.0	92.0
9.0	13.0	148.47826086956522
9.0	14.0	119.04166666666667
9.0	15.0	171.91666666666666
9.0	16.0	215.34782608695653
9.0	17.0	105.65217391304348
9.0	18.0	69.70833333333333
9.0	19.0	73.17391304347827
9.0	20.0	57.08695652173913
9.0	21.0	44.833333333333336
9.0	22.0	63.130434782608695
9.0	23.0	72.45833333333333
9.0	24.0	59.416666666666664
9.0	25.0	57.125
9.0	26.0	70.65217391304348
9.0	27.0	55.81818181818182
9.0	28.0	48.43478260869565
9.0	29.0	50.52173913043478
9.0	30.0	103.17391304347827
10.0	0.0	192.17391304347825
10.0	1.0	177.14285714285714
10.0	2.0	149.3913043478261
10.0	3.0	155.8695652173913
10.0	4.0	133.28571428571428
10.0	5.0	32.7
10.0	6.0	31.166666666666668
10.0	7.0	90.20833333333333
10.0	8.0	117.8
10.0	9.0	128.1304347826087
10.0	10.0	133.0
10.0	11.0	159.45833333333334
10.0	12.0	156.95238095238096
10.0	13.0	187.5
10.0	14.0	176.95833333333334
10.0	15.0	52.791666666666664
10.0	16.0	80.04166666666667
10.0	17.0	52.130434782608695
10.0	18.0	66.58333333333333
10.0	19.0	49.916666666666664
10.0	20.0	51.958333333333336
10.0	21.0	46.708333333333336
10.0	22.0	40.56521739130435
10.0	23.0	49.95652173913044
10.0	24.0	88.91304347826087
10.0	25.0	43.27272727272727
10.0	26.0	144.08333333333334
10.0	27.0	196.0
10.0	28.0	244.6818181818182
10.0	29.0	365.3636363636364
0.0	0.0	0.0
11.0	0.0	227.23809523809524
11.0	1.0	150.7826086956522
11.0	2.0	31.47826086956522
11.0	3.0	54.130434782608695
11.0	4.0	90.79166666666667
11.0	5.0	77.21739130434783
11.0	6.0	85.63636363636364
11.0	7.0	201.3
11.0	8.0	270.85714285714283
11.0	9.0	209.61904761904762
11.0	10.0	63.27272727272727
11.0	11.0	103.0
11.0	12.0	133.55555555555554
11.0	13.0	250.84615384615384
11.0	14.0	94.33333333333333
11.0	15.0	26.166666666666668
11.0	16.0	57.130434782608695
11.0	17.0	112.79166666666667
11.0	18.0	78.75
11.0	19.0	164.45833333333334
11.0	20.0	389.8333333333333
11.0	21.0	361.0869565217391
11.0	22.0	342.7083333333333
11.0	23.0	289.3333333333333
11.0	24.0	254.95833333333334
11.0	25.0	135.45833333333334
11.0	26.0	37.666666666666664
11.0	27.0	150.625
11.0	28.0	241.41666666666666
11.0	29.0	185.75
11.0	30.0	176.20833333333334
12.0	0.0	219.875
12.0	1.0	389.2916666666667
12.0	2.0	129.0
12.0	3.0	141.45833333333334
12.0	4.0	53.208333333333336
12.0	5.0	74.70833333333333
12.0	6.0	47.041666666666664
12.0	7.0	50.958333333333336
12.0	8.0	221.625
12.0	9.0	162.20833333333334
12.0	10.0	47.583333333333336
12.0	11.0	48.833333333333336
12.0	12.0	106.625
12.0	13.0	138.41666666666666
12.0	14.0	230.75
12.0	15.0	114.83333333333333
12.0	16.0	82.79166666666667
12.0	17.0	73.54166666666667
12.0	18.0	63.75
12.0	19.0	84.29166666666667
12.0	20.0	74.33333333333333
12.0	21.0	57.375
12.0	22.0	54.208333333333336
12.0	23.0	57.75
12.0	24.0	74.95833333333333
12.0	25.0	80.33333333333333
12.0	26.0	108.54166666666667
12.0	27.0	120.08333333333333
12.0	28.0	54.291666666666664
12.0	29.0	62.375
12.0	30.0	62.708333333333336
13.0	0.0	84.41666666666667
13.0	1.0	49.916666666666664
13.0	2.0	149.625
13.0	3.0	65.54166666666667
13.0	4.0	51.791666666666664
13.0	5.0	46.625
13.0	6.0	133.95833333333334
13.0	7.0	183.5
13.0	8.0	79.58333333333333
13.0	9.0	81.79166666666667
13.0	10.0	98.625
13.0	11.0	167.79166666666666
13.0	12.0	36.375
13.0	13.0	31.0
13.0	14.0	48.458333333333336
13.0	15.0	67.75
13.0	16.0	52.291666666666664
13.0	17.0	68.41666666666667
13.0	18.0	56.583333333333336
13.0	19.0	35.916666666666664
13.0	20.0	89.33333333333333
13.0	21.0	148.33333333333334
13.0	22.0	39.958333333333336
13.0	23.0	66.0
13.0	24.0	59.73913043478261
13.0	25.0	55.458333333333336
13.0	26.0	70.54166666666667
13.0	27.0	65.69565217391305
13.0	28.0	42.34782608695652
0.0	0.0	0.0
0.0	0.0	0.0
14.0	0.0	128.41666666666666
14.0	1.0	220.125
14.0	2.0	265.2916666666667
14.0	3.0	187.25
14.0	4.0	243.1304347826087
14.0	5.0	231.95833333333334
14.0	6.0	102.6086956521739
14.0	7.0	53.130434782608695
14.0	8.0	43.583333333333336
14.0	9.0	58.73913043478261
14.0	10.0	74.5
14.0	11.0	109.91304347826087
14.0	12.0	93.9090909090909
14.0	13.0	118.54545454545455
14.0	14.0	137.16666666666666
14.0	15.0	212.875
14.0	16.0	184.45833333333334
14.0	17.0	233.52173913043478
14.0	18.0	88.04166666666667
14.0	19.0	71.375
14.0	20.0	107.375
14.0	21.0	140.25
14.0	22.0	59.958333333333336
14.0	23.0	56.416666666666664
14.0	24.0	67.33333333333333
14.0	25.0	69.83333333333333
14.0	26.0	72.04166666666667
14.0	27.0	108.08333333333333
14.0	28.0	75.91304347826087
14.0	29.0	111.58333333333333
14.0	30.0	171.2608695652174
15.0	0.0	105.875
15.0	1.0	52.875
15.0	2.0	79.45833333333333
15.0	3.0	95.375
15.0	4.0	133.75
15.0	5.0	158.79166666666666
15.0	6.0	124.625
15.0	7.0	79.83333333333333
15.0	8.0	189.79166666666666
15.0	9.0	98.625
15.0	10.0	68.625
15.0	11.0	133.54166666666666
15.0	12.0	274.6666666666667
15.0	13.0	76.70833333333333
15.0	14.0	126.71428571428571
15.0	15.0	81.91304347826087
15.0	16.0	51.958333333333336
15.0	17.0	49.82608695652174
15.0	18.0	74.875
15.0	19.0	121.75
15.0	20.0	137.08333333333334
15.0	21.0	108.58333333333333
15.0	22.0	66.375
15.0	23.0	90.91666666666667
15.0	24.0	88.58333333333333
15.0	25.0	79.58333333333333
15.0	26.0	85.95454545454545
15.0	27.0	90.1304347826087
15.0	28.0	115.125
15.0	29.0	100.29166666666667
0.0	0.0	0.0
16.0	0.0	119.8695652173913
16.0	1.0	80.95833333333333
16.0	2.0	57.0
16.0	3.0	65.79166666666667
16.0	4.0	74.56521739130434
16.0	5.0	149.75
16.0	6.0	58.916666666666664
16.0	7.0	78.66666666666667
16.0	8.0	78.54166666666667
16.0	9.0	71.91666666666667
16.0	10.0	127.75
16.0	11.0	54.083333333333336
16.0	12.0	70.5
16.0	13.0	67.41666666666667
16.0	14.0	75.71428571428571
16.0	15.0	67.68181818181819
16.0	16.0	91.82608695652173
16.0	17.0	101.83333333333333
16.0	18.0	126.5909090909091
16.0	19.0	81.5
16.0	20.0	92.25
16.0	21.0	80.7
16.0	22.0	87.42857142857143
16.0	23.0	61.76470588235294
16.0	24.0	60.76923076923077
16.0	25.0	81.54166666666667
16.0	26.0	88.875
16.0	27.0	85.54166666666667
16.0	28.0	113.29166666666667
16.0	29.0	125.33333333333333
16.0	30.0	80.625
17.0	0.0	63.166666666666664
17.0	1.0	93.16666666666667
17.0	2.0	91.83333333333333
17.0	3.0	126.25
17.0	4.0	68.25
17.0	5.0	111.33333333333333
17.0	6.0	94.625
17.0	7.0	117.875
17.0	8.0	130.5
17.0	9.0	111.33333333333333
17.0	10.0	50.833333333333336
17.0	11.0	80.125
17.0	12.0	60.583333333333336
17.0	13.0	88.75
17.0	14.0	56.791666666666664
17.0	15.0	94.125
17.0	16.0	109.20833333333333
17.0	17.0	58.916666666666664
17.0	18.0	130.7826086956522
17.0	19.0	91.29166666666667
17.0	20.0	111.04166666666667
17.0	21.0	70.41666666666667
17.0	22.0	90.41666666666667
17.0	23.0	40.583333333333336
17.0	24.0	41.5
17.0	25.0	64.33333333333333
17.0	26.0	65.25
17.0	27.0	57.8235294117647
17.0	28.0	119.08333333333333
17.0	29.0	104.20833333333333
0.0	0.0	0.0
18.0	0.0	70.04166666666667
18.0	1.0	67.25
18.0	2.0	78.08333333333333
18.0	3.0	83.79166666666667
18.0	4.0	99.95833333333333
18.0	5.0	94.58333333333333
18.0	6.0	102.875
18.0	7.0	64.5
18.0	8.0	85.04166666666667
18.0	9.0	104.625
18.0	10.0	121.375
18.0	11.0	99.0
18.0	12.0	73.83333333333333
18.0	13.0	76.70833333333333
18.0	14.0	55.291666666666664
18.0	15.0	83.58333333333333
18.0	16.0	81.25
18.0	17.0	61.958333333333336
18.0	18.0	94.41666666666667
18.0	19.0	34.791666666666664
18.0	20.0	60.291666666666664
18.0	21.0	86.68181818181819
18.0	22.0	101.375
18.0	23.0	81.58333333333333
18.0	24.0	87.45833333333333
18.0	25.0	46.458333333333336
18.0	26.0	70.79166666666667
18.0	27.0	90.95238095238095
18.0	28.0	98.33333333333333
18.0	29.0	106.29166666666667
18.0	30.0	53.291666666666664
19.0	0.0	67.58333333333333
19.0	1.0	59.333333333333336
19.0	2.0	87.41666666666667
19.0	3.0	53.473684210526315
19.0	4.0	49.958333333333336
19.0	5.0	78.95833333333333
19.0	6.0	57.875
19.0	7.0	42.791666666666664
19.0	8.0	71.29166666666667
19.0	9.0	114.79166666666667
19.0	10.0	73.58333333333333
19.0	11.0	68.65217391304348
19.0	12.0	56.083333333333336
19.0	13.0	70.83333333333333
19.0	14.0	57.75
19.0	15.0	65.29166666666667
19.0	16.0	68.41666666666667
19.0	17.0	116.375
19.0	18.0	40.416666666666664
19.0	19.0	60.541666666666664
19.0	20.0	107.91666666666667
19.0	21.0	77.17391304347827
19.0	22.0	68.54166666666667
19.0	23.0	88.95833333333333
19.0	24.0	51.43478260869565
19.0	25.0	40.375
19.0	26.0	49.083333333333336
19.0	27.0	44.041666666666664
19.0	28.0	57.583333333333336
19.0	29.0	65.66666666666667
19.0	30.0	63.583333333333336
20.0	0.0	39.0
20.0	1.0	47.958333333333336
20.0	2.0	59.25
20.0	3.0	54.291666666666664
20.0	4.0	56.916666666666664
20.0	5.0	86.0
20.0	6.0	50.541666666666664
20.0	7.0	59.041666666666664
20.0	8.0	92.20833333333333
20.0	9.0	110.41666666666667
20.0	10.0	55.875
20.0	11.0	64.16666666666667
20.0	12.0	91.0
20.0	13.0	128.1304347826087
20.0	14.0	162.83333333333334
20.0	15.0	170.70833333333334
20.0	16.0	65.25
20.0	17.0	41.46153846153846
20.0	18.0	45.56521739130435
20.0	19.0	57.82608695652174
20.0	20.0	69.58333333333333
20.0	21.0	100.375
20.0	22.0	118.0
20.0	23.0	124.375
20.0	24.0	118.375
20.0	25.0	107.16666666666667
20.0	26.0	71.45833333333333
20.0	27.0	42.333333333333336
20.0	28.0	73.82608695652173
20.0	29.0	85.375
0.0	0.0	0.0
21.0	0.0	146.875
21.0	1.0	138.79166666666666
21.0	2.0	144.20833333333334
21.0	3.0	53.72727272727273
21.0	4.0	54.47826086956522
21.0	5.0	43.958333333333336
21.0	6.0	49.208333333333336
21.0	7.0	39.958333333333336
21.0	8.0	61.625
21.0	9.0	104.5
21.0	10.0	93.625
21.0	11.0	61.916666666666664
21.0	12.0	223.58333333333334
21.0	13.0	70.16666666666667
21.0	14.0	126.20833333333333
21.0	15.0	82.08695652173913
21.0	16.0	110.29166666666667
21.0	17.0	134.91666666666666
21.0	18.0	210.75
21.0	19.0	84.83333333333333
21.0	20.0	63.583333333333336
21.0	21.0	48.833333333333336
21.0	22.0	55.583333333333336
21.0	23.0	115.79166666666667
21.0	24.0	155.25
21.0	25.0	81.89473684210526
21.0	26.0	68.875
21.0	27.0	34.125
21.0	28.0	57.04761904761905
21.0	29.0	90.0
21.0	30.0	36.416666666666664
22.0	0.0	96.33333333333333
22.0	1.0	137.625
22.0	2.0	219.58333333333334
22.0	3.0	227.41666666666666
22.0	4.0	135.45833333333334
22.0	5.0	63.291666666666664
22.0	6.0	88.08333333333333
22.0	7.0	71.5
22.0	8.0	122.625
22.0	9.0	211.15384615384616
22.0	10.0	201.0
22.0	11.0	92.33333333333333
22.0	12.0	156.33333333333334
22.0	13.0	135.66666666666666
22.0	14.0	60.81818181818182
22.0	15.0	178.30434782608697
22.0	16.0	117.25
22.0	17.0	210.91666666666666
22.0	18.0	169.20833333333334
22.0	19.0	55.91304347826087
22.0	20.0	34.875
22.0	21.0	36.375
22.0	22.0	78.29166666666667
22.0	23.0	171.33333333333334
22.0	24.0	209.54166666666666
22.0	25.0	253.0
22.0	26.0	113.375
22.0	27.0	117.0
22.0	28.0	164.91666666666666
22.0	29.0	306.2083333333333
0.0	0.0	0.0
23.0	0.0	65.58333333333333
23.0	1.0	154.95833333333334
23.0	2.0	286.4583333333333
23.0	3.0	324.2857142857143
23.0	4.0	57.61904761904762
23.0	5.0	161.11764705882354
23.0	6.0	172.7391304347826
23.0	7.0	138.83333333333334
23.0	8.0	43.416666666666664
23.0	9.0	136.70833333333334
23.0	10.0	216.16666666666666
23.0	11.0	282.0833333333333
23.0	12.0	91.77272727272727
23.0	13.0	59.375
23.0	14.0	90.79166666666667
23.0	15.0	152.41666666666666
23.0	16.0	237.375
23.0	17.0	338.5833333333333
23.0	18.0	294.3333333333333
23.0	19.0	293.14285714285717
23.0	20.0	307.4347826086956
23.0	21.0	198.58823529411765
23.0	22.0	43.0
23.0	23.0	85.79166666666667
23.0	24.0	168.875
23.0	25.0	153.0
23.0	26.0	108.0
23.0	27.0	102.5909090909091
23.0	28.0	79.9090909090909
23.0	29.0	229.125
23.0	30.0	323.1304347826087
24.0	0.0	239.47368421052633
24.0	1.0	335.55
24.0	2.0	319.5416666666667
24.0	3.0	290.5833333333333
24.0	4.0	136.79166666666666
24.0	5.0	134.91666666666666
24.0	6.0	230.20833333333334
24.0	7.0	175.41666666666666
24.0	8.0	56.130434782608695
24.0	9.0	75.375
24.0	10.0	173.375
24.0	11.0	185.29166666666666
24.0	12.0	49.21739130434783
24.0	13.0	40.25
24.0	14.0	44.666666666666664
24.0	15.0	86.25
24.0	16.0	163.45833333333334
24.0	17.0	158.58333333333334
24.0	18.0	98.20833333333333
24.0	19.0	40.041666666666664
24.0	20.0	68.95833333333333
24.0	21.0	43.041666666666664
24.0	22.0	74.83333333333333
24.0	23.0	118.83333333333333
24.0	24.0	243.70833333333334
24.0	25.0	274.4166666666667
24.0	26.0	78.45833333333333
24.0	27.0	232.25
24.0	28.0	122.69565217391305
24.0	29.0	38.291666666666664
24.0	30.0	88.45833333333333
25.0	0.0	60.708333333333336
25.0	1.0	104.83333333333333
25.0	2.0	204.79166666666666
25.0	3.0	234.79166666666666
25.0	4.0	99.375
25.0	5.0	38.458333333333336
25.0	6.0	62.0
25.0	7.0	81.54166666666667
25.0	8.0	44.916666666666664
25.0	9.0	40.541666666666664
25.0	10.0	83.33333333333333
25.0	11.0	217.125
25.0	12.0	233.875
25.0	13.0	134.54166666666666
25.0	14.0	274.5
25.0	15.0	229.75
25.0	16.0	54.041666666666664
25.0	17.0	125.41666666666667
25.0	18.0	175.41666666666666
25.0	19.0	51.375
25.0	20.0	74.20833333333333
25.0	21.0	138.20833333333334
25.0	22.0	47.666666666666664
25.0	23.0	84.125
25.0	24.0	59.75
25.0	25.0	73.83333333333333
25.0	26.0	115.25
25.0	27.0	101.83333333333333
0.0	0.0	0.0
0.0	0.0	0.0
0.0	0.0	0.0
26.0	0.0	69.29166666666667
26.0	1.0	64.43478260869566
26.0	2.0	92.91666666666667
26.0	3.0	121.95833333333333
26.0	4.0	83.04166666666667
26.0	5.0	61.125
26.0	6.0	46.041666666666664
26.0	7.0	56.65217391304348
26.0	8.0	62.125
26.0	9.0	103.08333333333333
26.0	10.0	119.04166666666667
26.0	11.0	56.708333333333336
26.0	12.0	68.54166666666667
26.0	13.0	90.29166666666667
26.0	14.0	89.6086956521739
26.0	15.0	119.25
26.0	16.0	127.0
26.0	17.0	222.04166666666666
26.0	18.0	200.29166666666666
26.0	19.0	113.16666666666667
26.0	20.0	91.79166666666667
26.0	21.0	122.79166666666667
26.0	22.0	105.41666666666667
26.0	23.0	73.625
26.0	24.0	107.66666666666667
26.0	25.0	57.208333333333336
26.0	26.0	54.0
26.0	27.0	71.25
26.0	28.0	105.16666666666667
26.0	29.0	112.5
26.0	30.0	74.41666666666667
27.0	0.0	95.91666666666667
27.0	1.0	121.125
27.0	2.0	155.25
27.0	3.0	120.43478260869566
27.0	4.0	69.54166666666667
27.0	5.0	125.26086956521739
27.0	6.0	85.91666666666667
27.0	7.0	94.875
27.0	8.0	76.04166666666667
27.0	9.0	77.08333333333333
27.0	10.0	75.41666666666667
27.0	11.0	102.25
27.0	12.0	109.625
27.0	13.0	94.33333333333333
27.0	14.0	115.17391304347827
27.0	15.0	136.54166666666666
27.0	16.0	132.66666666666666
27.0	17.0	90.95652173913044
27.0	18.0	84.25
27.0	19.0	103.25
27.0	20.0	72.54166666666667
27.0	21.0	89.58333333333333
27.0	22.0	79.70833333333333
27.0	23.0	91.125
27.0	24.0	60.75
27.0	25.0	64.625
27.0	26.0	67.875
27.0	27.0	72.79166666666667
27.0	28.0	82.91304347826087
27.0	29.0	127.54166666666667
0.0	0.0	0.0
28.0	0.0	87.08333333333333
28.0	1.0	107.91666666666667
28.0	2.0	73.41666666666667
28.0	3.0	337.0416666666667
28.0	4.0	307.625
28.0	5.0	96.625
28.0	6.0	99.29166666666667
28.0	7.0	128.29166666666666
28.0	8.0	71.91666666666667
28.0	9.0	73.33333333333333
28.0	10.0	113.29166666666667
28.0	11.0	171.16666666666666
28.0	12.0	89.91666666666667
28.0	13.0	57.875
28.0	14.0	65.65217391304348
28.0	15.0	73.83333333333333
28.0	16.0	89.34782608695652
28.0	17.0	97.875
28.0	18.0	93.33333333333333
28.0	19.0	104.4090909090909
28.0	20.0	71.36363636363636
28.0	21.0	60.611111111111114
28.0	22.0	55.4
28.0	23.0	67.20833333333333
28.0	24.0	69.0
28.0	25.0	61.130434782608695
28.0	26.0	89.875
28.0	27.0	102.0
28.0	28.0	83.625
28.0	29.0	76.58333333333333
28.0	30.0	96.79166666666667
29.0	0.0	67.08695652173913
29.0	1.0	52.875
29.0	2.0	55.458333333333336
29.0	3.0	68.16666666666667
29.0	4.0	79.91666666666667
29.0	5.0	56.583333333333336
29.0	6.0	72.54166666666667
29.0	7.0	86.91666666666667
29.0	8.0	81.16666666666667
29.0	9.0	57.166666666666664
29.0	10.0	61.791666666666664
29.0	11.0	64.45833333333333
29.0	12.0	62.625
29.0	13.0	94.95833333333333
29.0	14.0	100.6470588235294
29.0	15.0	98.83333333333333
29.0	16.0	86.47826086956522
29.0	17.0	87.66666666666667
29.0	18.0	96.33333333333333
29.0	19.0	71.5
29.0	20.0	69.91666666666667
29.0	21.0	67.375
29.0	22.0	53.208333333333336
29.0	23.0	60.166666666666664
29.0	24.0	87.70833333333333
29.0	25.0	84.45833333333333
29.0	26.0	109.83333333333333
29.0	27.0	109.0
29.0	28.0	108.95652173913044
29.0	29.0	105.41666666666667
0.0	0.0	0.0
30.0	0.0	117.04166666666667
30.0	1.0	64.54166666666667
30.0	2.0	61.833333333333336
30.0	3.0	63.166666666666664
30.0	4.0	72.79166666666667
30.0	5.0	97.95454545454545
30.0	6.0	74.54545454545455
30.0	7.0	90.65217391304348
30.0	8.0	78.5
30.0	9.0	79.75
30.0	10.0	103.75
30.0	11.0	81.75
30.0	12.0	71.95833333333333
30.0	13.0	99.79166666666667
30.0	14.0	79.21739130434783
30.0	15.0	70.13636363636364
30.0	16.0	54.416666666666664
30.0	17.0	94.70833333333333
30.0	18.0	63.125
30.0	19.0	85.41666666666667
30.0	20.0	52.291666666666664
30.0	21.0	52.875
30.0	22.0	68.83333333333333
30.0	23.0	111.5
30.0	24.0	78.29166666666667
30.0	25.0	59.5
30.0	26.0	93.66666666666667
30.0	27.0	99.20833333333333
30.0	28.0	66.25
30.0	29.0	72.20833333333333
30.0	30.0	78.5
31.0	0.0	57.208333333333336
31.0	1.0	48.958333333333336
31.0	2.0	48.708333333333336
31.0	3.0	82.5
31.0	4.0	66.125
31.0	5.0	77.625
31.0	6.0	71.5
31.0	7.0	83.625
31.0	8.0	60.541666666666664
31.0	9.0	82.79166666666667
31.0	10.0	110.25
31.0	11.0	76.79166666666667
31.0	12.0	71.04166666666667
31.0	13.0	46.583333333333336
31.0	14.0	62.666666666666664
31.0	15.0	65.72727272727273
31.0	16.0	61.68181818181818
31.0	17.0	63.166666666666664
31.0	18.0	53.583333333333336
31.0	19.0	69.5
31.0	20.0	67.04166666666667
31.0	21.0	82.23809523809524
31.0	22.0	53.54545454545455
31.0	23.0	67.375
31.0	24.0	59.041666666666664
31.0	25.0	65.0
31.0	26.0	42.708333333333336
31.0	27.0	55.875
31.0	28.0	53.125
31.0	29.0	45.375
31.0	30.0	60.5
32.0	0.0	79.79166666666667
32.0	1.0	68.54166666666667
32.0	2.0	84.25
32.0	3.0	76.625
32.0	4.0	80.125
32.0	5.0	89.61904761904762
32.0	6.0	95.29166666666667
32.0	7.0	101.88888888888889
32.0	8.0	90.0
32.0	9.0	74.65217391304348
32.0	10.0	65.29166666666667
32.0	11.0	72.70833333333333
32.0	12.0	77.79166666666667
32.0	13.0	80.91666666666667
32.0	14.0	91.70833333333333
32.0	15.0	140.375
32.0	16.0	72.875
32.0	17.0	83.66666666666667
32.0	18.0	63.43478260869565
32.0	19.0	66.625
32.0	20.0	80.125
32.0	21.0	73.04166666666667
32.0	22.0	104.79166666666667
32.0	23.0	120.4090909090909
32.0	24.0	107.54166666666667
32.0	25.0	64.29166666666667
32.0	26.0	48.541666666666664
32.0	27.0	47.041666666666664
32.0	28.0	85.04166666666667
32.0	29.0	93.20833333333333
0.0	0.0	0.0
33.0	0.0	101.125
33.0	1.0	58.208333333333336
33.0	2.0	52.458333333333336
33.0	3.0	63.958333333333336
33.0	4.0	60.125
33.0	5.0	74.66666666666667
33.0	6.0	110.375
33.0	7.0	109.95833333333333
33.0	8.0	62.958333333333336
33.0	9.0	37.708333333333336
33.0	10.0	49.166666666666664
33.0	11.0	62.34782608695652
33.0	12.0	102.45833333333333
33.0	13.0	76.08333333333333
33.0	14.0	105.25
33.0	15.0	79.95833333333333
33.0	16.0	59.625
33.0	17.0	76.95833333333333
33.0	18.0	103.41666666666667
33.0	19.0	112.625
33.0	20.0	101.70833333333333
33.0	21.0	55.76190476190476
33.0	22.0	57.333333333333336
33.0	23.0	66.66666666666667
33.0	24.0	102.04166666666667
33.0	25.0	170.83333333333334
33.0	26.0	221.875
33.0	27.0	109.875
33.0	28.0	38.875
33.0	29.0	60.375
33.0	30.0	91.54166666666667
34.0	0.0	105.5
34.0	1.0	153.54166666666666
34.0	2.0	52.708333333333336
34.0	3.0	67.33333333333333
34.0	4.0	73.625
34.0	5.0	101.29166666666667
34.0	6.0	127.625
34.0	7.0	51.875
34.0	8.0	84.125
34.0	9.0	66.91666666666667
34.0	10.0	48.583333333333336
34.0	11.0	97.125
34.0	12.0	101.41666666666667
34.0	13.0	42.291666666666664
34.0	14.0	52.291666666666664
34.0	15.0	64.08333333333333
34.0	16.0	70.875
34.0	17.0	45.125
34.0	18.0	109.75
34.0	19.0	171.41666666666666
34.0	20.0	167.04166666666666
34.0	21.0	54.5
34.0	22.0	48.416666666666664
34.0	23.0	47.958333333333336
34.0	24.0	76.5
34.0	25.0	50.25
34.0	26.0	76.83333333333333
34.0	27.0	101.125
34.0	28.0	50.333333333333336
34.0	29.0	53.125
0.0	0.0	0.0
35.0	0.0	89.58333333333333
35.0	1.0	196.45833333333334
35.0	2.0	155.66666666666666
35.0	3.0	37.75
35.0	4.0	82.45833333333333
35.0	5.0	82.58333333333333
35.0	6.0	52.875
35.0	7.0	57.291666666666664
35.0	8.0	120.0
35.0	9.0	70.75
35.0	10.0	42.625
35.0	11.0	46.5
35.0	12.0	68.66666666666667
35.0	13.0	76.20833333333333
35.0	14.0	89.5
35.0	15.0	56.541666666666664
35.0	16.0	68.375
35.0	17.0	67.16666666666667
35.0	18.0	52.291666666666664
35.0	19.0	70.16666666666667
35.0	20.0	89.47619047619048
35.0	21.0	112.54166666666667
35.0	22.0	94.54166666666667
35.0	23.0	77.54166666666667
35.0	24.0	49.791666666666664
35.0	25.0	55.041666666666664
35.0	26.0	84.41666666666667
35.0	27.0	152.95833333333334
35.0	28.0	208.45833333333334
35.0	29.0	218.625
35.0	30.0	193.04166666666666
36.0	0.0	80.21739130434783
36.0	1.0	58.416666666666664
36.0	2.0	43.125
36.0	3.0	52.0
36.0	4.0	92.70833333333333
36.0	5.0	92.875
36.0	6.0	135.5
36.0	7.0	62.75
36.0	8.0	58.5
36.0	9.0	39.291666666666664
36.0	10.0	37.875
36.0	11.0	78.20833333333333
36.0	12.0	119.75
36.0	13.0	133.16666666666666
36.0	14.0	91.83333333333333
36.0	15.0	75.41666666666667
36.0	16.0	94.125
36.0	17.0	92.08333333333333
36.0	18.0	161.95833333333334
36.0	19.0	118.83333333333333
36.0	20.0	55.541666666666664
36.0	21.0	58.166666666666664
36.0	22.0	44.125
36.0	23.0	60.0
36.0	24.0	61.0
36.0	25.0	71.125
36.0	26.0	83.70833333333333
36.0	27.0	66.875
36.0	28.0	69.04166666666667
36.0	29.0	74.54166666666667
36.0	30.0	64.33333333333333
37.0	0.0	80.04166666666667
37.0	1.0	50.541666666666664
37.0	2.0	40.625
37.0	3.0	46.291666666666664
37.0	4.0	45.208333333333336
37.0	5.0	52.875
37.0	6.0	70.75
37.0	7.0	79.41666666666667
37.0	8.0	102.70833333333333
37.0	9.0	50.458333333333336
37.0	10.0	61.916666666666664
37.0	11.0	63.583333333333336
37.0	12.0	77.875
37.0	13.0	69.54166666666667
37.0	14.0	84.30434782608695
37.0	15.0	148.125
37.0	16.0	79.45833333333333
37.0	17.0	114.33333333333333
37.0	18.0	134.20833333333334
37.0	19.0	117.375
37.0	20.0	109.79166666666667
37.0	21.0	113.875
37.0	22.0	124.75
37.0	23.0	43.666666666666664
37.0	24.0	52.833333333333336
37.0	25.0	159.16666666666666
37.0	26.0	144.29166666666666
37.0	27.0	131.91666666666666
0.0	0.0	0.0
0.0	0.0	0.0
0.0	0.0	0.0
38.0	0.0	56.25
38.0	1.0	82.95833333333333
38.0	2.0	142.95833333333334
38.0	3.0	120.66666666666667
38.0	4.0	63.958333333333336
38.0	5.0	54.125
38.0	6.0	62.416666666666664
38.0	7.0	66.91666666666667
38.0	8.0	79.5
38.0	9.0	101.70833333333333
38.0	10.0	82.5
38.0	11.0	151.54166666666666
38.0	12.0	287.0
38.0	13.0	153.95833333333334
38.0	14.0	97.875
38.0	15.0	53.416666666666664
38.0	16.0	57.541666666666664
38.0	17.0	108.125
38.0	18.0	114.5
38.0	19.0	54.958333333333336
38.0	20.0	65.08333333333333
38.0	21.0	95.75
38.0	22.0	176.5
38.0	23.0	188.5
38.0	24.0	115.625
38.0	25.0	123.0
38.0	26.0	113.70833333333333
38.0	27.0	218.45833333333334
38.0	28.0	82.95833333333333
38.0	29.0	68.91666666666667
38.0	30.0	132.5
39.0	0.0	194.66666666666666
39.0	1.0	153.66666666666666
39.0	2.0	102.33333333333333
39.0	3.0	61.0
39.0	4.0	73.08333333333333
39.0	5.0	74.95833333333333
39.0	6.0	48.291666666666664
39.0	7.0	61.458333333333336
39.0	8.0	92.375
39.0	9.0	105.04166666666667
39.0	10.0	57.458333333333336
39.0	11.0	80.58333333333333
39.0	12.0	58.625
39.0	13.0	86.20833333333333
39.0	14.0	99.16666666666667
39.0	15.0	103.91666666666667
39.0	16.0	122.5
39.0	17.0	118.91666666666667
39.0	18.0	107.70833333333333
39.0	19.0	120.33333333333333
39.0	20.0	87.20833333333333
39.0	21.0	49.791666666666664
39.0	22.0	59.458333333333336
39.0	23.0	56.541666666666664
39.0	24.0	72.83333333333333
39.0	25.0	120.5
39.0	26.0	113.20833333333333
39.0	27.0	112.625
39.0	28.0	83.875
39.0	29.0	65.375
0.0	0.0	0.0
40.0	0.0	83.66666666666667
40.0	1.0	61.0
40.0	2.0	53.208333333333336
40.0	3.0	75.20833333333333
40.0	4.0	84.04347826086956
40.0	5.0	89.625
40.0	6.0	75.29166666666667
40.0	7.0	69.0
40.0	8.0	75.66666666666667
40.0	9.0	88.41666666666667
40.0	10.0	90.75
40.0	11.0	109.29166666666667
40.0	12.0	79.20833333333333
40.0	13.0	98.16666666666667
40.0	14.0	96.80952380952381
40.0	15.0	87.66666666666667
40.0	16.0	65.95833333333333
40.0	17.0	63.291666666666664
40.0	18.0	67.625
40.0	19.0	53.833333333333336
40.0	20.0	49.208333333333336
40.0	21.0	84.16666666666667
40.0	22.0	146.79166666666666
40.0	23.0	98.58333333333333
40.0	24.0	85.41666666666667
40.0	25.0	103.0
40.0	26.0	95.79166666666667
40.0	27.0	111.25
40.0	28.0	69.0
40.0	29.0	75.33333333333333
40.0	30.0	89.79166666666667
41.0	0.0	97.79166666666667
41.0	1.0	104.625
41.0	2.0	90.04166666666667
41.0	3.0	78.20833333333333
41.0	4.0	99.625
41.0	5.0	121.29166666666667
41.0	6.0	82.70833333333333
41.0	7.0	61.125
41.0	8.0	50.666666666666664
41.0	9.0	54.958333333333336
41.0	10.0	77.16666666666667
41.0	11.0	88.66666666666667
41.0	12.0	65.95833333333333
41.0	13.0	84.33333333333333
41.0	14.0	69.04166666666667
41.0	15.0	88.70833333333333
41.0	16.0	68.29166666666667
41.0	17.0	103.375
41.0	18.0	77.21739130434783
41.0	19.0	85.95833333333333
41.0	20.0	87.91666666666667
41.0	21.0	124.45833333333333
41.0	22.0	95.625
41.0	23.0	95.0
41.0	24.0	85.875
41.0	25.0	83.3913043478261
41.0	26.0	89.82608695652173
41.0	27.0	53.0
41.0	28.0	87.54166666666667
41.0	29.0	84.25
0.0	0.0	0.0
42.0	0.0	70.58333333333333
42.0	1.0	64.16666666666667
42.0	2.0	55.541666666666664
42.0	3.0	77.08333333333333
42.0	4.0	96.125
42.0	5.0	78.95833333333333
42.0	6.0	51.75
42.0	7.0	67.16666666666667
42.0	8.0	56.833333333333336
42.0	9.0	42.708333333333336
42.0	10.0	52.666666666666664
42.0	11.0	77.83333333333333
42.0	12.0	55.5
42.0	13.0	50.625
42.0	14.0	58.625
42.0	15.0	76.20833333333333
42.0	16.0	71.08333333333333
42.0	17.0	74.375
42.0	18.0	91.125
42.0	19.0	81.75
42.0	20.0	89.04166666666667
42.0	21.0	90.41666666666667
42.0	22.0	60.8235294117647
42.0	23.0	40.083333333333336
42.0	24.0	52.791666666666664
42.0	25.0	64.125
42.0	26.0	61.125
42.0	27.0	74.875
42.0	28.0	87.79166666666667
42.0	29.0	78.95833333333333
42.0	30.0	80.20833333333333
43.0	0.0	96.70833333333333
43.0	1.0	123.33333333333333
43.0	2.0	98.0
43.0	3.0	77.04761904761905
43.0	4.0	54.76190476190476
43.0	5.0	52.3
43.0	6.0	56.857142857142854
43.0	7.0	55.80952380952381
43.0	8.0	63.1
43.0	9.0	109.38095238095238
43.0	10.0	92.42857142857143
43.0	11.0	77.85714285714286
43.0	12.0	82.85714285714286
43.0	13.0	33.285714285714285
43.0	14.0	36.476190476190474
43.0	15.0	57.285714285714285
43.0	16.0	72.0
43.0	17.0	58.38095238095238
43.0	18.0	38.0
43.0	19.0	46.61904761904762
43.0	20.0	55.526315789473685
43.0	21.0	62.63157894736842
43.0	22.0	77.26315789473684
43.0	23.0	63.92307692307692
43.0	24.0	80.6470588235294
43.0	25.0	61.0
43.0	26.0	76.47058823529412
43.0	27.0	56.25
43.0	28.0	53.529411764705884
43.0	29.0	44.0
43.0	30.0	65.86666666666666
44.0	0.0	76.5
44.0	1.0	75.4
44.0	2.0	53.23076923076923
44.0	3.0	39.916666666666664
44.0	4.0	55.333333333333336
44.0	5.0	63.291666666666664
44.0	6.0	41.625
44.0	7.0	46.333333333333336
44.0	8.0	51.208333333333336
44.0	9.0	66.625
44.0	10.0	63.95652173913044
44.0	11.0	71.125
44.0	12.0	77.41666666666667
44.0	13.0	94.91666666666667
44.0	14.0	69.54166666666667
44.0	15.0	49.458333333333336
44.0	16.0	70.63157894736842
44.0	17.0	66.08333333333333
44.0	18.0	88.70833333333333
44.0	19.0	60.958333333333336
44.0	20.0	75.54166666666667
44.0	21.0	56.375
44.0	22.0	50.083333333333336
44.0	23.0	44.458333333333336
44.0	24.0	51.130434782608695
44.0	25.0	57.125
44.0	26.0	60.333333333333336
44.0	27.0	77.14285714285714
44.0	28.0	46.416666666666664
44.0	29.0	45.166666666666664
0.0	0.0	0.0
45.0	0.0	44.291666666666664
45.0	1.0	45.791666666666664
45.0	2.0	59.25
45.0	3.0	78.54166666666667
45.0	4.0	72.83333333333333
45.0	5.0	56.75
45.0	6.0	58.041666666666664
45.0	7.0	64.375
45.0	8.0	45.791666666666664
45.0	9.0	44.083333333333336
45.0	10.0	43.625
45.0	11.0	69.91666666666667
45.0	12.0	105.66666666666667
45.0	13.0	105.5909090909091
45.0	14.0	108.08333333333333
45.0	15.0	75.79166666666667
45.0	16.0	60.21739130434783
45.0	17.0	64.125
45.0	18.0	73.625
45.0	19.0	98.58333333333333
45.0	20.0	123.55
45.0	21.0	115.04166666666667
45.0	22.0	57.0
45.0	23.0	87.05
45.0	24.0	111.29166666666667
45.0	25.0	61.041666666666664
45.0	26.0	51.958333333333336
45.0	27.0	53.583333333333336
45.0	28.0	58.130434782608695
45.0	29.0	56.583333333333336
45.0	30.0	65.30434782608695
46.0	0.0	91.04166666666667
46.0	1.0	111.30434782608695
46.0	2.0	139.875
46.0	3.0	125.08333333333333
46.0	4.0	56.375
46.0	5.0	54.09090909090909
46.0	6.0	64.78260869565217
46.0	7.0	75.66666666666667
46.0	8.0	87.26086956521739
46.0	9.0	58.958333333333336
46.0	10.0	63.333333333333336
46.0	11.0	99.625
46.0	12.0	159.54166666666666
46.0	13.0	193.625
46.0	14.0	144.25
46.0	15.0	48.208333333333336
46.0	16.0	74.54166666666667
46.0	17.0	91.66666666666667
46.0	18.0	114.29166666666667
46.0	19.0	112.83333333333333
46.0	20.0	54.5
46.0	21.0	82.5
46.0	22.0	109.66666666666667
46.0	23.0	120.04166666666667
46.0	24.0	209.66666666666666
46.0	25.0	267.0
46.0	26.0	180.25
46.0	27.0	113.875
46.0	28.0	74.54166666666667
46.0	29.0	92.75
0.0	0.0	0.0
47.0	0.0	137.41666666666666
47.0	1.0	138.04166666666666
47.0	2.0	177.08333333333334
47.0	3.0	75.58333333333333
47.0	4.0	75.125
47.0	5.0	57.416666666666664
47.0	6.0	45.333333333333336
47.0	7.0	52.625
47.0	8.0	68.78260869565217
47.0	9.0	75.95833333333333
47.0	10.0	72.08333333333333
47.0	11.0	94.14285714285714
47.0	12.0	77.91666666666667
47.0	13.0	67.41666666666667
47.0	14.0	148.66666666666666
47.0	15.0	260.0416666666667
47.0	16.0	76.27777777777777
47.0	17.0	83.875
47.0	18.0	73.08333333333333
47.0	19.0	77.45454545454545
47.0	20.0	79.625
0.0	0.0	0.0
0.0	0.0	0.0
0.0	0.0	0.0
0.0	0.0	0.0
0.0	0.0	0.0
47.0	26.0	63.142857142857146
47.0	27.0	52.869565217391305
47.0	28.0	58.166666666666664
47.0	29.0	56.083333333333336
47.0	30.0	67.91666666666667
